PlanVersion,Name,Parent,PositionX,PositionY,PositionZ,RotationX,RotationY,RotationZ,ScaleX,ScaleY,ScaleZ,Layer,BoxCollider,Note
v2,Floor_Lobby,Floors,0.0,-0.1,-8.0,0,0,0,10,0.2,6,WorldSolid,Enabled; non-trigger,
v2,Ceiling_Lobby,Ceilings,0.0,3.6,-8.0,0,0,0,10,0.2,6,Default,Enabled; non-trigger,Initially deactivate parent
v2,Floor_Central,Floors,0.0,-0.1,0.0,0,0,0,10,0.2,10,WorldSolid,Enabled; non-trigger,
v2,Ceiling_Central,Ceilings,0.0,3.6,0.0,0,0,0,10,0.2,10,Default,Enabled; non-trigger,Initially deactivate parent
v2,Floor_Exhibition,Floors,0.0,-0.1,9.5,0,0,0,14,0.2,9,WorldSolid,Enabled; non-trigger,
v2,Ceiling_Exhibition,Ceilings,0.0,3.6,9.5,0,0,0,14,0.2,9,Default,Enabled; non-trigger,Initially deactivate parent
v2,Floor_ArtGallery,Floors,-10.5,-0.1,1.0,0,0,0,11,0.2,8,WorldSolid,Enabled; non-trigger,
v2,Ceiling_ArtGallery,Ceilings,-10.5,3.6,1.0,0,0,0,11,0.2,8,Default,Enabled; non-trigger,Initially deactivate parent
v2,Floor_Temporary,Floors,-11.5,-0.1,8.0,0,0,0,9,0.2,6,WorldSolid,Enabled; non-trigger,
v2,Ceiling_Temporary,Ceilings,-11.5,3.6,8.0,0,0,0,9,0.2,6,Default,Enabled; non-trigger,Initially deactivate parent
v2,Floor_Security,Floors,8.0,-0.1,-8.5,0,0,0,6,0.2,5,WorldSolid,Enabled; non-trigger,
v2,Ceiling_Security,Ceilings,8.0,3.6,-8.5,0,0,0,6,0.2,5,Default,Enabled; non-trigger,Initially deactivate parent
v2,Floor_Toilet,Floors,-7.5,-0.1,-8.5,0,0,0,5,0.2,5,WorldSolid,Enabled; non-trigger,
v2,Ceiling_Toilet,Ceilings,-7.5,3.6,-8.5,0,0,0,5,0.2,5,Default,Enabled; non-trigger,Initially deactivate parent
v2,Floor_Storage,Floors,9.5,-0.1,1.0,0,0,0,9,0.2,8,WorldSolid,Enabled; non-trigger,
v2,Ceiling_Storage,Ceilings,9.5,3.6,1.0,0,0,0,9,0.2,8,Default,Enabled; non-trigger,Initially deactivate parent
v2,Floor_MaintenanceSouth,Floors,9.5,-0.1,-4.5,0,0,0,9,0.2,3,WorldSolid,Enabled; non-trigger,
v2,Ceiling_MaintenanceSouth,Ceilings,9.5,3.6,-4.5,0,0,0,9,0.2,3,Default,Enabled; non-trigger,Initially deactivate parent
v2,Floor_MaintenanceEast,Floors,15.5,-0.1,1.0,0,0,0,3,0.2,14,WorldSolid,Enabled; non-trigger,
v2,Ceiling_MaintenanceEast,Ceilings,15.5,3.6,1.0,0,0,0,3,0.2,14,Default,Enabled; non-trigger,Initially deactivate parent
v2,Floor_Exit,Floors,15.5,-0.1,10.0,0,0,0,3,0.2,4,WorldSolid,Enabled; non-trigger,
v2,Ceiling_Exit,Ceilings,15.5,3.6,10.0,0,0,0,3,0.2,4,Default,Enabled; non-trigger,Initially deactivate parent
v2,Wall_01_Before_W08,Walls,-9.25,1.75,-11,0,0,0,1.5,3.5,0.2,WorldSolid,Enabled; non-trigger,
v2,Wall_01_W08_Sill,Walls,-7.75,0.9,-11,0,0,0,1.5,1.8,0.2,WorldSolid,Enabled; non-trigger,
v2,Wall_01_W08_Pane,Windows,-7.75,2.25,-11,0,0,0,1.5,0.9000000000000001,0.05,WorldSolid,Enabled; non-trigger,
v2,Wall_01_W08_Header,Walls,-7.75,3.1,-11,0,0,0,1.5,0.7999999999999998,0.2,WorldSolid,Enabled; non-trigger,
v2,Wall_01_End,Walls,-6.0,1.75,-11,0,0,0,2,3.5,0.2,WorldSolid,Enabled; non-trigger,
v2,Wall_02_Before_D00,Walls,-3.0,1.75,-11,0,0,0,4,3.5,0.2,WorldSolid,Enabled; non-trigger,
v2,Wall_02_D00_Header,Walls,0.0,3.0,-11,0,0,0,2,1.0,0.2,WorldSolid,Enabled; non-trigger,
v2,Wall_02_End,Walls,3.0,1.75,-11,0,0,0,4,3.5,0.2,WorldSolid,Enabled; non-trigger,
v2,Wall_03_Before_W07,Walls,6.0,1.75,-11,0,0,0,2,3.5,0.2,WorldSolid,Enabled; non-trigger,
v2,Wall_03_W07_Sill,Walls,8.0,0.6,-11,0,0,0,2,1.2,0.2,WorldSolid,Enabled; non-trigger,
v2,Wall_03_W07_Pane,Windows,8.0,1.9500000000000002,-11,0,0,0,2,1.5000000000000002,0.05,WorldSolid,Enabled; non-trigger,
v2,Wall_03_W07_Header,Walls,8.0,3.1,-11,0,0,0,2,0.7999999999999998,0.2,WorldSolid,Enabled; non-trigger,
v2,Wall_03_End,Walls,10.0,1.75,-11,0,0,0,2,3.5,0.2,WorldSolid,Enabled; non-trigger,
v2,Wall_04_Solid,Walls,-7.5,1.75,-6,0,0,0,5,3.5,0.2,WorldSolid,Enabled; non-trigger,
v2,Wall_05_Before_D09,Walls,6.0,1.75,-6,0,0,0,2,3.5,0.2,WorldSolid,Enabled; non-trigger,
v2,Wall_05_D09_Header,Walls,8.0,3.0,-6,0,0,0,2,1.0,0.2,WorldSolid,Enabled; non-trigger,
v2,Wall_05_End,Walls,10.0,1.75,-6,0,0,0,2,3.5,0.2,WorldSolid,Enabled; non-trigger,
v2,Wall_06_Solid,Walls,12.5,1.75,-6,0,0,0,3,3.5,0.2,WorldSolid,Enabled; non-trigger,
v2,Wall_07_Solid,Walls,15.5,1.75,-6,0,0,0,3,3.5,0.2,WorldSolid,Enabled; non-trigger,
v2,Wall_08_Before_D01,Walls,-3.1,1.75,-5,0,0,0,3.8,3.5,0.2,WorldSolid,Enabled; non-trigger,
v2,Wall_08_D01_Header,Walls,0.0,3.0,-5,0,0,0,2.4,1.0,0.2,WorldSolid,Enabled; non-trigger,
v2,Wall_08_End,Walls,3.1,1.75,-5,0,0,0,3.8,3.5,0.2,WorldSolid,Enabled; non-trigger,
v2,Wall_09_Solid,Walls,-10.5,1.75,-3,0,0,0,11,3.5,0.2,WorldSolid,Enabled; non-trigger,
v2,Wall_10_Before_D08,Walls,6.75,1.75,-3,0,0,0,3.5,3.5,0.2,WorldSolid,Enabled; non-trigger,
v2,Wall_10_D08_Header,Walls,9.5,3.0,-3,0,0,0,2.0,1.0,0.2,WorldSolid,Enabled; non-trigger,
v2,Wall_10_End,Walls,12.25,1.75,-3,0,0,0,3.5,3.5,0.2,WorldSolid,Enabled; non-trigger,
v2,Wall_11_Before_D04,Walls,-14.1,1.75,5,0,0,0,3.8000000000000007,3.5,0.2,WorldSolid,Enabled; non-trigger,
v2,Wall_11_D04_Header,Walls,-11.0,3.0,5,0,0,0,2.3999999999999986,1.0,0.2,WorldSolid,Enabled; non-trigger,
v2,Wall_11_End,Walls,-8.4,1.75,5,0,0,0,2.8000000000000007,3.5,0.2,WorldSolid,Enabled; non-trigger,
v2,Wall_12_Solid,Walls,-6.0,1.75,5,0,0,0,2,3.5,0.2,WorldSolid,Enabled; non-trigger,
v2,Wall_13_Before_D03,Walls,-3.1,1.75,5,0,0,0,3.8,3.5,0.2,WorldSolid,Enabled; non-trigger,
v2,Wall_13_D03_Header,Walls,0.0,3.0,5,0,0,0,2.4,1.0,0.2,WorldSolid,Enabled; non-trigger,
v2,Wall_13_End,Walls,3.1,1.75,5,0,0,0,3.8,3.5,0.2,WorldSolid,Enabled; non-trigger,
v2,Wall_14_Solid,Walls,6.0,1.75,5,0,0,0,2,3.5,0.2,WorldSolid,Enabled; non-trigger,
v2,Wall_15_Solid,Walls,10.5,1.75,5,0,0,0,7,3.5,0.2,WorldSolid,Enabled; non-trigger,
v2,Wall_16_Before_D12,Walls,14.25,1.75,8,0,0,0,0.5,3.5,0.2,WorldSolid,Enabled; non-trigger,
v2,Wall_16_D12_Header,Walls,15.5,3.0,8,0,0,0,2.0,1.0,0.2,WorldSolid,Enabled; non-trigger,
v2,Wall_16_End,Walls,16.75,1.75,8,0,0,0,0.5,3.5,0.2,WorldSolid,Enabled; non-trigger,
v2,Wall_17_Solid,Walls,-11.5,1.75,11,0,0,0,9,3.5,0.2,WorldSolid,Enabled; non-trigger,
v2,Wall_18_Before_W09,Walls,14.35,1.75,12,0,0,0,0.6999999999999993,3.5,0.2,WorldSolid,Enabled; non-trigger,
v2,Wall_18_W09_Sill,Walls,15.5,0.6,12,0,0,0,1.6000000000000014,1.2,0.2,WorldSolid,Enabled; non-trigger,
v2,Wall_18_W09_Pane,Windows,15.5,1.9500000000000002,12,0,0,0,1.6000000000000014,1.5000000000000002,0.05,WorldSolid,Enabled; non-trigger,
v2,Wall_18_W09_Header,Walls,15.5,3.1,12,0,0,0,1.6000000000000014,0.7999999999999998,0.2,WorldSolid,Enabled; non-trigger,
v2,Wall_18_End,Walls,16.65,1.75,12,0,0,0,0.6999999999999993,3.5,0.2,WorldSolid,Enabled; non-trigger,
v2,Wall_19_Before_W01,Walls,-6.25,1.75,14,0,0,0,1.5,3.5,0.2,WorldSolid,Enabled; non-trigger,
v2,Wall_19_W01_Sill,Walls,-4.5,0.6,14,0,0,0,2.0,1.2,0.2,WorldSolid,Enabled; non-trigger,
v2,Wall_19_W01_Pane,Windows,-4.5,1.9500000000000002,14,0,0,0,2.0,1.5000000000000002,0.05,WorldSolid,Enabled; non-trigger,
v2,Wall_19_W01_Header,Walls,-4.5,3.1,14,0,0,0,2.0,0.7999999999999998,0.2,WorldSolid,Enabled; non-trigger,
v2,Wall_19_Before_W02,Walls,-2.25,1.75,14,0,0,0,2.5,3.5,0.2,WorldSolid,Enabled; non-trigger,
v2,Wall_19_W02_Sill,Walls,0.0,0.6,14,0,0,0,2,1.2,0.2,WorldSolid,Enabled; non-trigger,
v2,Wall_19_W02_Pane,Windows,0.0,1.9500000000000002,14,0,0,0,2,1.5000000000000002,0.05,WorldSolid,Enabled; non-trigger,
v2,Wall_19_W02_Header,Walls,0.0,3.1,14,0,0,0,2,0.7999999999999998,0.2,WorldSolid,Enabled; non-trigger,
v2,Wall_19_Before_W03,Walls,2.25,1.75,14,0,0,0,2.5,3.5,0.2,WorldSolid,Enabled; non-trigger,
v2,Wall_19_W03_Sill,Walls,4.5,0.6,14,0,0,0,2.0,1.2,0.2,WorldSolid,Enabled; non-trigger,
v2,Wall_19_W03_Pane,Windows,4.5,1.9500000000000002,14,0,0,0,2.0,1.5000000000000002,0.05,WorldSolid,Enabled; non-trigger,
v2,Wall_19_W03_Header,Walls,4.5,3.1,14,0,0,0,2.0,0.7999999999999998,0.2,WorldSolid,Enabled; non-trigger,
v2,Wall_19_End,Walls,6.25,1.75,14,0,0,0,1.5,3.5,0.2,WorldSolid,Enabled; non-trigger,
v2,Wall_20_Before_W04,Walls,-16,1.75,-2.25,0,0,0,0.2,3.5,1.5,WorldSolid,Enabled; non-trigger,
v2,Wall_20_W04_Sill,Walls,-16,0.6,-0.75,0,0,0,0.2,1.2,1.5,WorldSolid,Enabled; non-trigger,
v2,Wall_20_W04_Pane,Windows,-16,1.9500000000000002,-0.75,0,0,0,0.05,1.5000000000000002,1.5,WorldSolid,Enabled; non-trigger,
v2,Wall_20_W04_Header,Walls,-16,3.1,-0.75,0,0,0,0.2,0.7999999999999998,1.5,WorldSolid,Enabled; non-trigger,
v2,Wall_20_Before_W05,Walls,-16,1.75,1.0,0,0,0,0.2,3.5,2,WorldSolid,Enabled; non-trigger,
v2,Wall_20_W05_Sill,Walls,-16,0.6,2.75,0,0,0,0.2,1.2,1.5,WorldSolid,Enabled; non-trigger,
v2,Wall_20_W05_Pane,Windows,-16,1.9500000000000002,2.75,0,0,0,0.05,1.5000000000000002,1.5,WorldSolid,Enabled; non-trigger,
v2,Wall_20_W05_Header,Walls,-16,3.1,2.75,0,0,0,0.2,0.7999999999999998,1.5,WorldSolid,Enabled; non-trigger,
v2,Wall_20_End,Walls,-16,1.75,4.25,0,0,0,0.2,3.5,1.5,WorldSolid,Enabled; non-trigger,
v2,Wall_21_Before_W06,Walls,-16,1.75,6.0,0,0,0,0.2,3.5,2,WorldSolid,Enabled; non-trigger,
v2,Wall_21_W06_Sill,Walls,-16,0.6,8.0,0,0,0,0.2,1.2,2,WorldSolid,Enabled; non-trigger,
v2,Wall_21_W06_Pane,Windows,-16,1.9500000000000002,8.0,0,0,0,0.05,1.5000000000000002,2,WorldSolid,Enabled; non-trigger,
v2,Wall_21_W06_Header,Walls,-16,3.1,8.0,0,0,0,0.2,0.7999999999999998,2,WorldSolid,Enabled; non-trigger,
v2,Wall_21_End,Walls,-16,1.75,10.0,0,0,0,0.2,3.5,2,WorldSolid,Enabled; non-trigger,
v2,Wall_22_Solid,Walls,-10,1.75,-8.5,0,0,0,0.2,3.5,5,WorldSolid,Enabled; non-trigger,
v2,Wall_23_Before_D05,Walls,-7,1.75,5.9,0,0,0,0.2,3.5,1.7999999999999998,WorldSolid,Enabled; non-trigger,
v2,Wall_23_D05_Header,Walls,-7,3.0,8.0,0,0,0,0.2,1.0,2.3999999999999995,WorldSolid,Enabled; non-trigger,
v2,Wall_23_End,Walls,-7,1.75,10.1,0,0,0,0.2,3.5,1.8000000000000007,WorldSolid,Enabled; non-trigger,
v2,Wall_24_Solid,Walls,-7,1.75,12.5,0,0,0,0.2,3.5,3,WorldSolid,Enabled; non-trigger,
v2,Wall_25_Before_D11,Walls,-5,1.75,-10.25,0,0,0,0.2,3.5,1.5,WorldSolid,Enabled; non-trigger,
v2,Wall_25_D11_Header,Walls,-5,3.0,-8.5,0,0,0,0.2,1.0,2.0,WorldSolid,Enabled; non-trigger,
v2,Wall_25_End,Walls,-5,1.75,-6.75,0,0,0,0.2,3.5,1.5,WorldSolid,Enabled; non-trigger,
v2,Wall_26_Solid,Walls,-5,1.75,-5.5,0,0,0,0.2,3.5,1,WorldSolid,Enabled; non-trigger,
v2,Wall_27_Solid,Walls,-5,1.75,-4.0,0,0,0,0.2,3.5,2,WorldSolid,Enabled; non-trigger,
v2,Wall_28_Before_D02,Walls,-5,1.75,-2.1,0,0,0,0.2,3.5,1.8,WorldSolid,Enabled; non-trigger,
v2,Wall_28_D02_Header,Walls,-5,3.0,0.0,0,0,0,0.2,1.0,2.4,WorldSolid,Enabled; non-trigger,
v2,Wall_28_End,Walls,-5,1.75,3.1,0,0,0,0.2,3.5,3.8,WorldSolid,Enabled; non-trigger,
v2,Wall_29_Before_D10,Walls,5,1.75,-10.25,0,0,0,0.2,3.5,1.5,WorldSolid,Enabled; non-trigger,
v2,Wall_29_D10_Header,Walls,5,3.0,-8.5,0,0,0,0.2,1.0,2.0,WorldSolid,Enabled; non-trigger,
v2,Wall_29_End,Walls,5,1.75,-6.75,0,0,0,0.2,3.5,1.5,WorldSolid,Enabled; non-trigger,
v2,Wall_30_Solid,Walls,5,1.75,-5.5,0,0,0,0.2,3.5,1,WorldSolid,Enabled; non-trigger,
v2,Wall_31_Solid,Walls,5,1.75,-4.0,0,0,0,0.2,3.5,2,WorldSolid,Enabled; non-trigger,
v2,Wall_32_Before_D06,Walls,5,1.75,-2.1,0,0,0,0.2,3.5,1.8,WorldSolid,Enabled; non-trigger,
v2,Wall_32_D06_Header,Walls,5,3.0,0.0,0,0,0,0.2,1.0,2.4,WorldSolid,Enabled; non-trigger,
v2,Wall_32_End,Walls,5,1.75,3.1,0,0,0,0.2,3.5,3.8,WorldSolid,Enabled; non-trigger,
v2,Wall_33_Solid,Walls,7,1.75,9.5,0,0,0,0.2,3.5,9,WorldSolid,Enabled; non-trigger,
v2,Wall_34_Solid,Walls,11,1.75,-8.5,0,0,0,0.2,3.5,5,WorldSolid,Enabled; non-trigger,
v2,Wall_35_Before_D07,Walls,14,1.75,-1.5,0,0,0,0.2,3.5,3,WorldSolid,Enabled; non-trigger,
v2,Wall_35_D07_Header,Walls,14,3.0,1.0,0,0,0,0.2,1.0,2,WorldSolid,Enabled; non-trigger,
v2,Wall_35_End,Walls,14,1.75,3.5,0,0,0,0.2,3.5,3,WorldSolid,Enabled; non-trigger,
v2,Wall_36_Solid,Walls,14,1.75,6.5,0,0,0,0.2,3.5,3,WorldSolid,Enabled; non-trigger,
v2,Wall_37_Solid,Walls,14,1.75,10.0,0,0,0,0.2,3.5,4,WorldSolid,Enabled; non-trigger,
v2,Wall_38_Solid,Walls,17,1.75,1.0,0,0,0,0.2,3.5,14,WorldSolid,Enabled; non-trigger,
v2,Wall_39_Solid,Walls,17,1.75,10.0,0,0,0,0.2,3.5,4,WorldSolid,Enabled; non-trigger,
v2,Entrance_ClosedGlassPlaceholder,Windows,0,1.25,-11,0,0,0,2,2.5,0.05,WorldSolid,Enabled; non-trigger,
v2,Cover_HallWest,FixedCover,-2.5,0.6,2,0,0,0,2,1.2,1.2,WorldSolid,Enabled; non-trigger,
v2,Cover_HallEast,FixedCover,2.5,0.6,-2,0,0,0,2,1.2,1.2,WorldSolid,Enabled; non-trigger,
v2,Cover_ExhibitWest,FixedCover,-3,0.6,10,0,0,0,2.4,1.2,2,WorldSolid,Enabled; non-trigger,
v2,Cover_ExhibitEast,FixedCover,3,0.6,10.5,0,0,0,2.4,1.2,2,WorldSolid,Enabled; non-trigger,
v2,Bench_ArtSouth,FixedCover,-10.5,0.5,-1.6,0,0,0,3,1,1,WorldSolid,Enabled; non-trigger,
v2,Bench_ArtNorthWest,FixedCover,-14,0.5,2.5,0,0,0,2,1,1,WorldSolid,Enabled; non-trigger,
v2,Pedestal_TemporaryWest,FixedCover,-13.7,0.6,8.5,0,0,0,1.4,1.2,1.4,WorldSolid,Enabled; non-trigger,
v2,Crate_TemporaryNorth,FixedCover,-9.3,0.5,10,0,0,0,1.2,1,1,WorldSolid,Enabled; non-trigger,
v2,Shelf_StorageNorth,FixedCover,9.5,1.2,4.2,0,0,0,4,2.4,0.8,WorldSolid,Enabled; non-trigger,
v2,Shelf_StorageSouthWest,FixedCover,6.6,1.2,-2.3,0,0,0,2,2.4,0.8,WorldSolid,Enabled; non-trigger,
v2,Crate_Storage,FixedCover,11,0.6,2.6,0,0,0,1.2,1.2,1.2,WorldSolid,Enabled; non-trigger,
v2,Desk_Reception,FixedCover,-2.8,0.6,-6.3,0,0,0,2.4,1.2,0.8,WorldSolid,Enabled; non-trigger,
v2,Desk_Security,FixedCover,9.4,0.6,-10,0,0,0,2,1.2,0.8,WorldSolid,Enabled; non-trigger,
v2,Partition_Toilet,FixedCover,-8,1,-10,0,0,0,0.1,2,1.6,WorldSolid,Enabled; non-trigger,
v2,Bowl_Toilet_Proxy,FixedCover,-9,0.35,-10,0,0,0,0.6,0.7,0.8,WorldSolid,Enabled; non-trigger,
v2,Sink_Toilet_Proxy,FixedCover,-6.5,0.85,-6.5,0,0,0,1,0.3,0.5,WorldSolid,Enabled; non-trigger,
